"POA","State","Population"
"2000","NSW",27411
"2006","NSW",1261
"2007","NSW",8846
"2008","NSW",11712
"2009","NSW",12813
"2010","NSW",27733
"2011","NSW",21199
"2015","NSW",9922
"2016","NSW",13213
"2017","NSW",24694
"2018","NSW",17028
"2019","NSW",10840
"2020","NSW",14771
"2021","NSW",15312
"2022","NSW",12510
"2023","NSW",10719
"2024","NSW",11073
"2025","NSW",7407
"2026","NSW",32489
"2027","NSW",8191
"2028","NSW",4643
"2029","NSW",9957
"2030","NSW",14080
"2031","NSW",34729
"2032","NSW",16692
"2033","NSW",11573
"2034","NSW",20716
"2035","NSW",34496
"2036","NSW",30411
"2037","NSW",16119
"2038","NSW",9452
"2039","NSW",8726
"2040","NSW",22242
"2041","NSW",15687
"2042","NSW",19128
"2043","NSW",8014
"2044","NSW",7840
"2045","NSW",6453
"2046","NSW",26822
"2047","NSW",11950
"2048","NSW",7940
"2049","NSW",11278
"2050","NSW",8967
"2052","NSW",3428
"2060","NSW",13987
"2061","NSW",5943
"2062","NSW",7004
"2063","NSW",6348
"2064","NSW",9525
"2065","NSW",30116
"2066","NSW",31625
"2067","NSW",26404
"2068","NSW",16811
"2069","NSW",14251
"2070","NSW",13504
"2071","NSW",13550
"2072","NSW",7666
"2073","NSW",16354
"2074","NSW",22261
"2075","NSW",20456
"2076","NSW",24653
"2077","NSW",37792
"2079","NSW",7096
"2080","NSW",1704
"2081","NSW",5365
"2082","NSW",5399
"2083","NSW",1514
"2084","NSW",3625
"2085","NSW",11624
"2086","NSW",13417
"2087","NSW",12796
"2088","NSW",28476
"2089","NSW",11914
"2090","NSW",13726
"2092","NSW",7137
"2093","NSW",22872
"2094","NSW",5841
"2095","NSW",15863
"2096","NSW",14656
"2097","NSW",15531
"2099","NSW",39922
"2100","NSW",20911
"2101","NSW",19394
"2102","NSW",7499
"2103","NSW",10674
"2104","NSW",3620
"2105","NSW",1848
"2106","NSW",9303
"2107","NSW",14670
"2108","NSW",1672
"2109","NSW",3090
"2110","NSW",10348
"2111","NSW",14415
"2112","NSW",32852
"2113","NSW",18365
"2114","NSW",24059
"2115","NSW",10738
"2116","NSW",6640
"2117","NSW",21288
"2118","NSW",24340
"2119","NSW",11646
"2120","NSW",20207
"2121","NSW",28215
"2122","NSW",31161
"2123","NSW",0
"2125","NSW",16377
"2126","NSW",18768
"2127","NSW",14535
"2128","NSW",4166
"2129","NSW",4
"2130","NSW",7306
"2131","NSW",23839
"2132","NSW",10613
"2133","NSW",11014
"2134","NSW",16033
"2135","NSW",25252
"2136","NSW",7367
"2137","NSW",26507
"2138","NSW",20022
"2139","NSW",55
"2140","NSW",16161
"2141","NSW",28675
"2142","NSW",26297
"2143","NSW",8920
"2144","NSW",37370
"2145","NSW",79213
"2146","NSW",17467
"2147","NSW",36346
"2148","NSW",63074
"2150","NSW",31500
"2151","NSW",21308
"2152","NSW",11218
"2153","NSW",56556
"2154","NSW",39594
"2155","NSW",55447
"2156","NSW",12941
"2157","NSW",3741
"2158","NSW",8579
"2159","NSW",4976
"2160","NSW",35971
"2161","NSW",31420
"2162","NSW",18622
"2163","NSW",9592
"2164","NSW",19626
"2165","NSW",42438
"2166","NSW",52768
"2167","NSW",9637
"2168","NSW",43451
"2170","NSW",105455
"2171","NSW",34865
"2172","NSW",2779
"2173","NSW",14432
"2174","NSW",2267
"2175","NSW",1837
"2176","NSW",47812
"2177","NSW",15980
"2178","NSW",4234
"2179","NSW",6529
"2190","NSW",25571
"2191","NSW",6317
"2192","NSW",12713
"2193","NSW",15254
"2194","NSW",24538
"2195","NSW",27148
"2196","NSW",31813
"2197","NSW",9067
"2198","NSW",9039
"2199","NSW",18016
"2200","NSW",43688
"2203","NSW",13707
"2204","NSW",26499
"2205","NSW",19447
"2206","NSW",19407
"2207","NSW",28536
"2208","NSW",12450
"2209","NSW",15772
"2210","NSW",30582
"2211","NSW",16845
"2212","NSW",15846
"2213","NSW",21788
"2214","NSW",3952
"2216","NSW",28065
"2217","NSW",26846
"2218","NSW",16425
"2219","NSW",13196
"2220","NSW",32487
"2221","NSW",16482
"2222","NSW",12790
"2223","NSW",20903
"2224","NSW",14209
"2225","NSW",5408
"2226","NSW",12505
"2227","NSW",14622
"2228","NSW",18364
"2229","NSW",28712
"2230","NSW",28842
"2231","NSW",2269
"2232","NSW",32870
"2233","NSW",29497
"2234","NSW",30579
"2250","NSW",67195
"2251","NSW",32708
"2256","NSW",15603
"2257","NSW",29009
"2258","NSW",5167
"2259","NSW",59513
"2260","NSW",23418
"2261","NSW",52751
"2262","NSW",20828
"2263","NSW",24263
"2264","NSW",14233
"2265","NSW",5809
"2267","NSW",2757
"2278","NSW",2571
"2280","NSW",26682
"2281","NSW",14273
"2282","NSW",14775
"2283","NSW",23297
"2284","NSW",10498
"2285","NSW",30715
"2286","NSW",3909
"2287","NSW",36400
"2289","NSW",19118
"2290","NSW",33422
"2291","NSW",13413
"2292","NSW",2465
"2293","NSW",2521
"2294","NSW",1929
"2295","NSW",6925
"2296","NSW",1883
"2297","NSW",1683
"2298","NSW",9499
"2299","NSW",11205
"2300","NSW",10579
"2302","NSW",565
"2303","NSW",9145
"2304","NSW",15177
"2305","NSW",12506
"2306","NSW",3359
"2307","NSW",3905
"2308","NSW",1327
"2311","NSW",861
"2312","NSW",1453
"2314","NSW",203
"2315","NSW",14655
"2316","NSW",5846
"2317","NSW",6241
"2318","NSW",12149
"2319","NSW",6685
"2320","NSW",34559
"2321","NSW",14624
"2322","NSW",18453
"2323","NSW",25736
"2324","NSW",23651
"2325","NSW",28459
"2326","NSW",7333
"2327","NSW",7610
"2328","NSW",2438
"2329","NSW",2111
"2330","NSW",20349
"2331","NSW",318
"2333","NSW",13645
"2334","NSW",2829
"2335","NSW",6156
"2336","NSW",2614
"2337","NSW",7889
"2338","NSW",1432
"2339","NSW",677
"2340","NSW",49070
"2341","NSW",1572
"2342","NSW",465
"2343","NSW",4968
"2344","NSW",756
"2345","NSW",720
"2346","NSW",3147
"2347","NSW",1933
"2350","NSW",25336
"2351","NSW",976
"2352","NSW",2715
"2353","NSW",1124
"2354","NSW",3574
"2355","NSW",664
"2356","NSW",160
"2357","NSW",4159
"2358","NSW",3772
"2359","NSW",736
"2360","NSW",14524
"2361","NSW",909
"2365","NSW",3726
"2369","NSW",923
"2370","NSW",7683
"2371","NSW",1155
"2372","NSW",4742
"2379","NSW",316
"2380","NSW",10390
"2381","NSW",1190
"2382","NSW",1322
"2386","NSW",356
"2387","NSW",199
"2388","NSW",2673
"2390","NSW",8755
"2395","NSW",669
"2396","NSW",856
"2397","NSW",380
"2398","NSW",236
"2399","NSW",596
"2400","NSW",10083
"2401","NSW",321
"2402","NSW",1789
"2403","NSW",720
"2404","NSW",1837
"2405","NSW",512
"2408","NSW",372
"2409","NSW",1027
"2410","NSW",281
"2411","NSW",121
"2415","NSW",390
"2420","NSW",4022
"2421","NSW",1831
"2422","NSW",5334
"2423","NSW",2959
"2424","NSW",429
"2425","NSW",1782
"2426","NSW",719
"2427","NSW",3113
"2428","NSW",24012
"2429","NSW",9715
"2430","NSW",34017
"2431","NSW",5133
"2439","NSW",2941
"2440","NSW",21816
"2441","NSW",4349
"2443","NSW",8892
"2444","NSW",46289
"2445","NSW",6464
"2446","NSW",13330
"2447","NSW",7180
"2448","NSW",9002
"2449","NSW",2188
"2450","NSW",43896
"2452","NSW",15119
"2453","NSW",2771
"2454","NSW",7571
"2455","NSW",3001
"2456","NSW",14749
"2460","NSW",29212
"2462","NSW",2443
"2463","NSW",7541
"2464","NSW",6740
"2465","NSW",292
"2466","NSW",1725
"2469","NSW",4009
"2470","NSW",15225
"2471","NSW",2522
"2472","NSW",1855
"2473","NSW",3092
"2474","NSW",6332
"2475","NSW",386
"2476","NSW",780
"2477","NSW",12207
"2478","NSW",28316
"2479","NSW",4735
"2480","NSW",44596
"2481","NSW",11770
"2482","NSW",6276
"2483","NSW",10604
"2484","NSW",18874
"2485","NSW",14375
"2486","NSW",31594
"2487","NSW",13430
"2488","NSW",3262
"2489","NSW",7353
"2490","NSW",667
"2500","NSW",40512
"2502","NSW",12433
"2505","NSW",5008
"2506","NSW",7608
"2508","NSW",8975
"2515","NSW",11110
"2516","NSW",6108
"2517","NSW",13732
"2518","NSW",19066
"2519","NSW",16931
"2522","NSW",300
"2525","NSW",11564
"2526","NSW",15629
"2527","NSW",21381
"2528","NSW",23773
"2529","NSW",26021
"2530","NSW",32017
"2533","NSW",15623
"2534","NSW",5711
"2535","NSW",7332
"2536","NSW",17720
"2537","NSW",11811
"2538","NSW",2397
"2539","NSW",17978
"2541","NSW",25642
"2545","NSW",1042
"2546","NSW",9118
"2548","NSW",7736
"2549","NSW",3788
"2550","NSW",15857
"2551","NSW",3502
"2555","NSW",229
"2556","NSW",2509
"2557","NSW",8948
"2558","NSW",11115
"2559","NSW",3070
"2560","NSW",76525
"2563","NSW",305
"2564","NSW",13925
"2565","NSW",19985
"2566","NSW",26323
"2567","NSW",38501
"2568","NSW",1146
"2569","NSW",1360
"2570","NSW",40102
"2571","NSW",11851
"2572","NSW",4476
"2573","NSW",5068
"2574","NSW",5740
"2575","NSW",15477
"2576","NSW",13433
"2577","NSW",15416
"2578","NSW",2688
"2579","NSW",4024
"2580","NSW",29221
"2581","NSW",2093
"2582","NSW",12439
"2583","NSW",4384
"2584","NSW",543
"2585","NSW",226
"2586","NSW",2620
"2587","NSW",2917
"2588","NSW",259
"2590","NSW",7091
"2594","NSW",11669
"2619","NSW",9508
"2621","NSW",6056
"2622","NSW",3921
"2623","NSW",613
"2625","NSW",390
"2626","NSW",505
"2627","NSW",4621
"2628","NSW",1910
"2629","NSW",530
"2630","NSW",8689
"2631","NSW",570
"2632","NSW",1833
"2633","NSW",380
"2640","NSW",36343
"2641","NSW",15073
"2642","NSW",4791
"2643","NSW",2771
"2644","NSW",2400
"2645","NSW",400
"2646","NSW",6755
"2647","NSW",2163
"2648","NSW",2375
"2649","NSW",31
"2650","NSW",56973
"2651","NSW",2274
"2652","NSW",4584
"2653","NSW",2532
"2655","NSW",1336
"2656","NSW",1271
"2658","NSW",1435
"2659","NSW",889
"2660","NSW",1616
"2661","NSW",629
"2663","NSW",5183
"2665","NSW",2226
"2666","NSW",5671
"2668","NSW",457
"2669","NSW",1653
"2671","NSW",4111
"2672","NSW",1576
"2675","NSW",1564
"2678","NSW",334
"2680","NSW",23942
"2681","NSW",1732
"2700","NSW",4925
"2701","NSW",2388
"2702","NSW",781
"2703","NSW",981
"2705","NSW",10156
"2706","NSW",1155
"2707","NSW",1344
"2710","NSW",10124
"2711","NSW",3361
"2712","NSW",1358
"2713","NSW",2797
"2714","NSW",2767
"2715","NSW",1478
"2716","NSW",1102
"2717","NSW",1333
"2720","NSW",8010
"2721","NSW",239
"2722","NSW",3207
"2725","NSW",373
"2726","NSW",219
"2727","NSW",352
"2729","NSW",1696
"2730","NSW",1385
"2731","NSW",6407
"2732","NSW",1776
"2733","NSW",541
"2734","NSW",456
"2735","NSW",446
"2736","NSW",375
"2737","NSW",839
"2738","NSW",1661
"2739","NSW",1397
"2745","NSW",29503
"2747","NSW",42421
"2748","NSW",1879
"2749","NSW",16933
"2750","NSW",44806
"2752","NSW",4924
"2753","NSW",17134
"2754","NSW",5695
"2755","NSW",260
"2756","NSW",33934
"2757","NSW",851
"2758","NSW",8718
"2759","NSW",26331
"2760","NSW",33832
"2761","NSW",30954
"2762","NSW",4979
"2763","NSW",30875
"2765","NSW",16112
"2766","NSW",15536
"2767","NSW",22526
"2768","NSW",28760
"2769","NSW",11732
"2770","NSW",61302
"2773","NSW",6009
"2774","NSW",12931
"2775","NSW",1492
"2776","NSW",4026
"2777","NSW",17606
"2778","NSW",2432
"2779","NSW",4976
"2780","NSW",13222
"2782","NSW",6077
"2783","NSW",2612
"2784","NSW",1232
"2785","NSW",4545
"2786","NSW",1290
"2787","NSW",4450
"2790","NSW",15763
"2791","NSW",344
"2792","NSW",389
"2793","NSW",975
"2794","NSW",10426
"2795","NSW",42552
"2797","NSW",422
"2798","NSW",2103
"2799","NSW",4119
"2800","NSW",44994
"2803","NSW",277
"2804","NSW",2667
"2805","NSW",397
"2806","NSW",781
"2807","NSW",429
"2808","NSW",177
"2809","NSW",239
"2810","NSW",3152
"2817","NSW",291
"2818","NSW",864
"2820","NSW",7320
"2821","NSW",4810
"2822","NSW",412
"2823","NSW",1419
"2824","NSW",2187
"2825","NSW",2382
"2826","NSW",197
"2827","NSW",3693
"2828","NSW",832
"2829","NSW",3100
"2830","NSW",40290
"2831","NSW",1920
"2832","NSW",2566
"2833","NSW",654
"2834","NSW",2338
"2835","NSW",4173
"2836","NSW",890
"2838","NSW",243
"2839","NSW",1337
"2840","NSW",2702
"2842","NSW",626
"2843","NSW",1288
"2844","NSW",1441
"2845","NSW",1978
"2846","NSW",277
"2847","NSW",2426
"2848","NSW",1650
"2849","NSW",1547
"2850","NSW",17645
"2852","NSW",3542
"2864","NSW",805
"2865","NSW",868
"2866","NSW",3100
"2867","NSW",599
"2868","NSW",649
"2869","NSW",1442
"2870","NSW",12038
"2871","NSW",9350
"2873","NSW",558
"2874","NSW",423
"2875","NSW",969
"2876","NSW",421
"2877","NSW",3880
"2878","NSW",371
"2879","NSW",636
"2880","NSW",18276
"2898","NSW",381
"3000","VIC",37979
"3002","VIC",4957
"3003","VIC",5516
"3004","VIC",9311
"3005","VIC",523
"3006","VIC",18811
"3008","VIC",10438
"3010","VIC",1595
"3011","VIC",21464
"3012","VIC",26295
"3013","VIC",14967
"3015","VIC",17472
"3016","VIC",15558
"3018","VIC",12685
"3019","VIC",9199
"3020","VIC",44784
"3021","VIC",54190
"3022","VIC",3102
"3023","VIC",63974
"3024","VIC",23852
"3025","VIC",12155
"3026","VIC",72
"3027","VIC",6650
"3028","VIC",29198
"3029","VIC",93946
"3030","VIC",100311
"3031","VIC",18533
"3032","VIC",29449
"3033","VIC",14512
"3034","VIC",11633
"3036","VIC",5921
"3037","VIC",51156
"3038","VIC",27258
"3039","VIC",14252
"3040","VIC",25939
"3041","VIC",12412
"3042","VIC",15762
"3043","VIC",17715
"3044","VIC",27116
"3045","VIC",100
"3046","VIC",34061
"3047","VIC",20901
"3048","VIC",18025
"3049","VIC",9266
"3050","VIC",119
"3051","VIC",14939
"3052","VIC",5697
"3053","VIC",18538
"3054","VIC",8426
"3055","VIC",14160
"3056","VIC",24475
"3057","VIC",11502
"3058","VIC",33783
"3059","VIC",15466
"3060","VIC",14040
"3061","VIC",5059
"3062","VIC",0
"3063","VIC",574
"3064","VIC",75458
"3065","VIC",10447
"3066","VIC",8512
"3067","VIC",8199
"3068","VIC",18665
"3070","VIC",24567
"3071","VIC",18569
"3072","VIC",32848
"3073","VIC",50479
"3074","VIC",20522
"3075","VIC",22594
"3076","VIC",32395
"3078","VIC",11638
"3079","VIC",15990
"3081","VIC",13424
"3082","VIC",29713
"3083","VIC",31526
"3084","VIC",25514
"3085","VIC",13882
"3086","VIC",908
"3087","VIC",9033
"3088","VIC",26890
"3089","VIC",11739
"3090","VIC",2362
"3091","VIC",1585
"3093","VIC",3891
"3094","VIC",8963
"3095","VIC",27770
"3096","VIC",1966
"3097","VIC",1443
"3099","VIC",4877
"3101","VIC",24604
"3102","VIC",6634
"3103","VIC",15343
"3104","VIC",20404
"3105","VIC",10877
"3106","VIC",16620
"3107","VIC",13557
"3108","VIC",20823
"3109","VIC",28357
"3111","VIC",12348
"3113","VIC",8460
"3114","VIC",3823
"3115","VIC",3799
"3116","VIC",9872
"3121","VIC",30502
"3122","VIC",23508
"3123","VIC",14319
"3124","VIC",22091
"3125","VIC",15021
"3126","VIC",8060
"3127","VIC",18445
"3128","VIC",19832
"3129","VIC",17374
"3130","VIC",32171
"3131","VIC",22499
"3132","VIC",16148
"3133","VIC",22119
"3134","VIC",32782
"3135","VIC",19954
"3136","VIC",44373
"3137","VIC",13872
"3138","VIC",21964
"3139","VIC",13722
"3140","VIC",16532
"3141","VIC",25149
"3142","VIC",12912
"3143","VIC",9052
"3144","VIC",10885
"3145","VIC",23294
"3146","VIC",25256
"3147","VIC",14634
"3148","VIC",8643
"3149","VIC",33612
"3150","VIC",60082
"3151","VIC",10269
"3152","VIC",33089
"3153","VIC",20552
"3154","VIC",4418
"3155","VIC",22193
"3156","VIC",37458
"3158","VIC",6648
"3159","VIC",2652
"3160","VIC",9014
"3161","VIC",15271
"3162","VIC",17452
"3163","VIC",32355
"3165","VIC",27636
"3166","VIC",23759
"3167","VIC",9259
"3168","VIC",20200
"3169","VIC",20122
"3170","VIC",19370
"3171","VIC",21713
"3172","VIC",23091
"3173","VIC",25785
"3174","VIC",38465
"3175","VIC",53297
"3177","VIC",11305
"3178","VIC",33669
"3179","VIC",6019
"3180","VIC",7462
"3181","VIC",20267
"3182","VIC",23394
"3183","VIC",18491
"3184","VIC",15547
"3185","VIC",12932
"3186","VIC",23258
"3187","VIC",15997
"3188","VIC",18082
"3189","VIC",5894
"3190","VIC",10457
"3191","VIC",10242
"3192","VIC",22292
"3193","VIC",19505
"3194","VIC",12965
"3195","VIC",35867
"3196","VIC",25329
"3197","VIC",11547
"3198","VIC",16462
"3199","VIC",54299
"3200","VIC",5759
"3201","VIC",20713
"3202","VIC",2907
"3204","VIC",30642
"3205","VIC",10919
"3206","VIC",10366
"3207","VIC",16180
"3211","VIC",1319
"3212","VIC",16650
"3213","VIC",4032
"3214","VIC",23960
"3215","VIC",20615
"3216","VIC",56285
"3217","VIC",6607
"3218","VIC",13438
"3219","VIC",19719
"3220","VIC",16352
"3221","VIC",754
"3222","VIC",14962
"3223","VIC",7401
"3224","VIC",14187
"3225","VIC",4058
"3226","VIC",14161
"3227","VIC",4821
"3228","VIC",17939
"3230","VIC",2548
"3231","VIC",1257
"3232","VIC",1111
"3233","VIC",2029
"3234","VIC",179
"3235","VIC",380
"3236","VIC",230
"3237","VIC",218
"3238","VIC",219
"3239","VIC",423
"3240","VIC",2026
"3241","VIC",2565
"3242","VIC",828
"3243","VIC",357
"3249","VIC",3204
"3250","VIC",12250
"3251","VIC",522
"3254","VIC",307
"3260","VIC",4768
"3264","VIC",2289
"3265","VIC",2614
"3266","VIC",3071
"3267","VIC",245
"3268","VIC",2601
"3269","VIC",729
"3270","VIC",251
"3271","VIC",193
"3272","VIC",1533
"3273","VIC",146
"3274","VIC",242
"3275","VIC",426
"3276","VIC",479
"3277","VIC",1922
"3278","VIC",315
"3279","VIC",291
"3280","VIC",31568
"3281","VIC",1702
"3282","VIC",2363
"3283","VIC",1361
"3284","VIC",3437
"3285","VIC",1210
"3286","VIC",564
"3287","VIC",436
"3289","VIC",757
"3292","VIC",187
"3293","VIC",302
"3294","VIC",954
"3300","VIC",10087
"3301","VIC",1212
"3302","VIC",371
"3303","VIC",338
"3304","VIC",2725
"3305","VIC",12815
"3309","VIC",126
"3310","VIC",272
"3311","VIC",1696
"3312","VIC",1033
"3314","VIC",525
"3315","VIC",1629
"3317","VIC",197
"3318","VIC",1265
"3319","VIC",345
"3321","VIC",1519
"3322","VIC",176
"3323","VIC",88
"3324","VIC",531
"3325","VIC",480
"3328","VIC",1720
"3329","VIC",284
"3330","VIC",222
"3331","VIC",5996
"3332","VIC",1013
"3333","VIC",827
"3334","VIC",566
"3335","VIC",5859
"3337","VIC",36455
"3338","VIC",23419
"3340","VIC",21123
"3341","VIC",1666
"3342","VIC",3440
"3345","VIC",1151
"3350","VIC",59147
"3351","VIC",8169
"3352","VIC",16000
"3355","VIC",13016
"3356","VIC",16322
"3357","VIC",3714
"3360","VIC",765
"3361","VIC",680
"3363","VIC",3476
"3364","VIC",2149
"3370","VIC",1782
"3371","VIC",990
"3373","VIC",2291
"3374","VIC",399
"3375","VIC",206
"3377","VIC",9414
"3378","VIC",149
"3379","VIC",801
"3380","VIC",6033
"3381","VIC",1211
"3384","VIC",547
"3385","VIC",517
"3387","VIC",315
"3388","VIC",562
"3390","VIC",914
"3391","VIC",172
"3392","VIC",581
"3393","VIC",2684
"3395","VIC",361
"3396","VIC",738
"3400","VIC",14541
"3401","VIC",4418
"3407","VIC",422
"3409","VIC",937
"3412","VIC",299
"3413","VIC",220
"3414","VIC",1824
"3415","VIC",40
"3418","VIC",2771
"3419","VIC",806
"3420","VIC",277
"3423","VIC",480
"3424","VIC",769
"3427","VIC",2761
"3428","VIC",680
"3429","VIC",36296
"3430","VIC",322
"3431","VIC",3945
"3432","VIC",196
"3433","VIC",216
"3434","VIC",5070
"3435","VIC",2878
"3437","VIC",10445
"3438","VIC",2386
"3440","VIC",2040
"3441","VIC",1337
"3442","VIC",7463
"3444","VIC",9197
"3446","VIC",1028
"3447","VIC",448
"3448","VIC",878
"3450","VIC",6838
"3451","VIC",5654
"3453","VIC",1725
"3458","VIC",1947
"3460","VIC",2566
"3461","VIC",4150
"3462","VIC",1173
"3463","VIC",2454
"3464","VIC",1118
"3465","VIC",9770
"3467","VIC",1196
"3468","VIC",284
"3469","VIC",278
"3472","VIC",1482
"3475","VIC",348
"3477","VIC",824
"3478","VIC",2457
"3480","VIC",1862
"3482","VIC",169
"3483","VIC",888
"3485","VIC",302
"3487","VIC",96
"3488","VIC",110
"3489","VIC",53
"3490","VIC",1290
"3491","VIC",133
"3494","VIC",661
"3496","VIC",6224
"3498","VIC",5324
"3500","VIC",32738
"3501","VIC",1939
"3505","VIC",4829
"3506","VIC",37
"3507","VIC",157
"3509","VIC",231
"3512","VIC",371
"3515","VIC",1940
"3516","VIC",694
"3517","VIC",1416
"3518","VIC",1307
"3520","VIC",179
"3521","VIC",660
"3522","VIC",334
"3523","VIC",3619
"3525","VIC",1302
"3527","VIC",785
"3529","VIC",120
"3530","VIC",125
"3531","VIC",191
"3533","VIC",779
"3537","VIC",1042
"3540","VIC",286
"3542","VIC",155
"3544","VIC",249
"3546","VIC",403
"3549","VIC",3527
"3550","VIC",40341
"3551","VIC",29564
"3555","VIC",19688
"3556","VIC",13087
"3557","VIC",785
"3558","VIC",916
"3559","VIC",545
"3561","VIC",4434
"3562","VIC",278
"3563","VIC",808
"3564","VIC",15944
"3565","VIC",107
"3566","VIC",556
"3567","VIC",654
"3568","VIC",2948
"3570","VIC",752
"3571","VIC",319
"3572","VIC",151
"3573","VIC",331
"3575","VIC",807
"3576","VIC",72
"3579","VIC",5362
"3580","VIC",990
"3581","VIC",163
"3583","VIC",208
"3584","VIC",1139
"3585","VIC",11205
"3586","VIC",825
"3588","VIC",359
"3589","VIC",347
"3590","VIC",335
"3591","VIC",164
"3594","VIC",529
"3595","VIC",665
"3596","VIC",96
"3597","VIC",413
"3599","VIC",133
"3607","VIC",136
"3608","VIC",2417
"3610","VIC",1714
"3612","VIC",1708
"3614","VIC",882
"3616","VIC",5353
"3617","VIC",163
"3618","VIC",675
"3620","VIC",8241
"3621","VIC",2368
"3622","VIC",456
"3623","VIC",903
"3624","VIC",558
"3629","VIC",9130
"3630","VIC",31266
"3631","VIC",11610
"3633","VIC",604
"3634","VIC",1798
"3635","VIC",536
"3636","VIC",5241
"3637","VIC",593
"3638","VIC",2075
"3639","VIC",524
"3640","VIC",1000
"3641","VIC",1233
"3646","VIC",586
"3647","VIC",40
"3649","VIC",431
"3658","VIC",6221
"3659","VIC",734
"3660","VIC",7577
"3662","VIC",1075
"3663","VIC",180
"3664","VIC",1072
"3665","VIC",357
"3666","VIC",4700
"3669","VIC",1337
"3670","VIC",571
"3672","VIC",10330
"3673","VIC",1729
"3675","VIC",1803
"3677","VIC",18101
"3678","VIC",6357
"3682","VIC",616
"3683","VIC",1760
"3685","VIC",2718
"3687","VIC",1098
"3688","VIC",1237
"3690","VIC",33522
"3694","VIC",92
"3695","VIC",472
"3697","VIC",575
"3698","VIC",862
"3699","VIC",1124
"3700","VIC",1317
"3701","VIC",1075
"3704","VIC",20
"3705","VIC",261
"3708","VIC",58
"3709","VIC",295
"3711","VIC",493
"3712","VIC",353
"3713","VIC",1026
"3714","VIC",3512
"3715","VIC",308
"3717","VIC",2654
"3718","VIC",72
"3719","VIC",371
"3720","VIC",569
"3722","VIC",5020
"3723","VIC",3003
"3725","VIC",631
"3726","VIC",404
"3727","VIC",305
"3728","VIC",635
"3730","VIC",8831
"3732","VIC",595
"3733","VIC",219
"3735","VIC",609
"3737","VIC",4302
"3738","VIC",222
"3739","VIC",215
"3740","VIC",1075
"3741","VIC",3098
"3744","VIC",453
"3746","VIC",385
"3747","VIC",4628
"3749","VIC",1889
"3750","VIC",9060
"3751","VIC",272
"3752","VIC",24057
"3753","VIC",2328
"3754","VIC",37758
"3755","VIC",251
"3756","VIC",11926
"3757","VIC",8955
"3758","VIC",2182
"3759","VIC",1062
"3760","VIC",372
"3761","VIC",1230
"3762","VIC",131
"3763","VIC",1536
"3764","VIC",9161
"3765","VIC",6764
"3766","VIC",1240
"3767","VIC",1253
"3770","VIC",3222
"3775","VIC",3865
"3777","VIC",10753
"3778","VIC",199
"3779","VIC",394
"3781","VIC",4471
"3782","VIC",7824
"3783","VIC",2350
"3785","VIC",77
"3786","VIC",1520
"3787","VIC",1059
"3788","VIC",1742
"3789","VIC",265
"3791","VIC",1440
"3792","VIC",1064
"3793","VIC",3575
"3795","VIC",1249
"3796","VIC",9698
"3797","VIC",3474
"3799","VIC",5800
"3800","VIC",2211
"3802","VIC",24292
"3803","VIC",10856
"3804","VIC",8096
"3805","VIC",56937
"3806","VIC",48521
"3807","VIC",7096
"3808","VIC",3031
"3809","VIC",7212
"3810","VIC",47892
"3812","VIC",2310
"3813","VIC",886
"3814","VIC",2257
"3815","VIC",3020
"3816","VIC",2717
"3818","VIC",14170
"3820","VIC",15952
"3821","VIC",2918
"3822","VIC",983
"3823","VIC",1839
"3824","VIC",5003
"3825","VIC",20282
"3831","VIC",1701
"3832","VIC",249
"3833","VIC",304
"3835","VIC",472
"3840","VIC",16478
"3842","VIC",4784
"3844","VIC",28981
"3847","VIC",2191
"3850","VIC",14782
"3851","VIC",5689
"3852","VIC",92
"3854","VIC",1400
"3856","VIC",992
"3857","VIC",368
"3858","VIC",3026
"3859","VIC",834
"3860","VIC",7171
"3862","VIC",3157
"3864","VIC",218
"3865","VIC",445
"3869","VIC",1624
"3870","VIC",1265
"3871","VIC",2904
"3873","VIC",323
"3874","VIC",558
"3875","VIC",18625
"3878","VIC",1098
"3880","VIC",4037
"3882","VIC",1094
"3885","VIC",1868
"3886","VIC",395
"3887","VIC",342
"3888","VIC",3421
"3889","VIC",179
"3890","VIC",324
"3891","VIC",104
"3892","VIC",1060
"3893","VIC",22
"3895","VIC",194
"3896","VIC",405
"3898","VIC",790
"3900","VIC",151
"3902","VIC",412
"3903","VIC",746
"3904","VIC",1452
"3909","VIC",7901
"3910","VIC",22587
"3911","VIC",3413
"3912","VIC",15154
"3913","VIC",3337
"3915","VIC",9960
"3916","VIC",952
"3918","VIC",3704
"3919","VIC",3182
"3920","VIC",1037
"3921","VIC",114
"3922","VIC",7740
"3923","VIC",516
"3925","VIC",3377
"3926","VIC",3240
"3927","VIC",1671
"3928","VIC",413
"3929","VIC",906
"3930","VIC",17889
"3931","VIC",23991
"3933","VIC",1101
"3934","VIC",18547
"3936","VIC",11024
"3937","VIC",1519
"3938","VIC",2820
"3939","VIC",14522
"3940","VIC",4930
"3941","VIC",12174
"3942","VIC",2317
"3943","VIC",1593
"3944","VIC",510
"3945","VIC",976
"3946","VIC",216
"3950","VIC",4798
"3951","VIC",1005
"3953","VIC",7859
"3954","VIC",404
"3956","VIC",2818
"3957","VIC",279
"3958","VIC",272
"3959","VIC",1153
"3960","VIC",2477
"3962","VIC",913
"3964","VIC",133
"3965","VIC",208
"3966","VIC",510
"3967","VIC",127
"3971","VIC",4017
"3975","VIC",15246
"3976","VIC",25532
"3977","VIC",93322
"3978","VIC",10648
"3979","VIC",315
"3980","VIC",3350
"3981","VIC",4901
"3984","VIC",5212
"3987","VIC",1527
"3988","VIC",1001
"3990","VIC",110
"3991","VIC",357
"3992","VIC",966
"3995","VIC",10171
"3996","VIC",5541
"4000","QLD",16556
"4005","QLD",17875
"4006","QLD",14528
"4007","QLD",12768
"4008","QLD",369
"4009","QLD",4
"4010","QLD",2300
"4011","QLD",15178
"4012","QLD",21830
"4013","QLD",4570
"4014","QLD",11910
"4017","QLD",36870
"4018","QLD",12155
"4019","QLD",20105
"4020","QLD",22041
"4021","QLD",9784
"4022","QLD",7166
"4025","QLD",369
"4029","QLD",77
"4030","QLD",16532
"4031","QLD",13589
"4032","QLD",15775
"4034","QLD",44462
"4035","QLD",24212
"4036","QLD",6499
"4037","QLD",7972
"4051","QLD",27534
"4053","QLD",43984
"4054","QLD",13619
"4055","QLD",20561
"4059","QLD",13493
"4060","QLD",13034
"4061","QLD",16689
"4064","QLD",10836
"4065","QLD",9499
"4066","QLD",16697
"4067","QLD",10422
"4068","QLD",23618
"4069","QLD",33623
"4070","QLD",11612
"4072","QLD",2153
"4073","QLD",9138
"4074","QLD",23730
"4075","QLD",23352
"4076","QLD",8103
"4077","QLD",30759
"4078","QLD",25806
"4101","QLD",22862
"4102","QLD",7656
"4103","QLD",14315
"4104","QLD",6536
"4105","QLD",13322
"4106","QLD",1595
"4107","QLD",6288
"4108","QLD",6023
"4109","QLD",37605
"4110","QLD",10916
"4111","QLD",1182
"4112","QLD",8108
"4113","QLD",29915
"4114","QLD",29063
"4115","QLD",19309
"4116","QLD",25936
"4117","QLD",1365
"4118","QLD",30398
"4119","QLD",6344
"4120","QLD",8934
"4121","QLD",25269
"4122","QLD",43850
"4123","QLD",18489
"4124","QLD",19675
"4125","QLD",7144
"4127","QLD",26375
"4128","QLD",16510
"4129","QLD",6303
"4130","QLD",8533
"4131","QLD",10435
"4132","QLD",26216
"4133","QLD",17769
"4151","QLD",16285
"4152","QLD",44685
"4153","QLD",4372
"4154","QLD",10972
"4155","QLD",1440
"4156","QLD",3147
"4157","QLD",19037
"4158","QLD",3764
"4159","QLD",14498
"4160","QLD",18140
"4161","QLD",16251
"4163","QLD",14798
"4164","QLD",14694
"4165","QLD",36814
"4169","QLD",13995
"4170","QLD",24516
"4171","QLD",15722
"4172","QLD",4301
"4173","QLD",8289
"4174","QLD",2382
"4178","QLD",25212
"4179","QLD",19292
"4183","QLD",2105
"4184","QLD",6909
"4205","QLD",5383
"4207","QLD",55212
"4208","QLD",19967
"4209","QLD",50069
"4210","QLD",19477
"4211","QLD",60803
"4212","QLD",28053
"4213","QLD",29040
"4214","QLD",37236
"4215","QLD",50173
"4216","QLD",37434
"4217","QLD",40836
"4218","QLD",31868
"4220","QLD",31236
"4221","QLD",26801
"4222","QLD",0
"4223","QLD",13896
"4224","QLD",6590
"4225","QLD",7754
"4226","QLD",32244
"4227","QLD",21689
"4228","QLD",5298
"4229","QLD",385
"4230","QLD",1672
"4270","QLD",3944
"4271","QLD",2895
"4272","QLD",4611
"4275","QLD",3430
"4280","QLD",16867
"4285","QLD",20251
"4287","QLD",824
"4300","QLD",55666
"4301","QLD",28239
"4303","QLD",3946
"4304","QLD",17319
"4305","QLD",62554
"4306","QLD",35798
"4307","QLD",1553
"4309","QLD",3006
"4310","QLD",5756
"4311","QLD",10601
"4312","QLD",2668
"4313","QLD",2324
"4340","QLD",5449
"4341","QLD",14589
"4342","QLD",2621
"4343","QLD",11359
"4344","QLD",2624
"4345","QLD",329
"4346","QLD",873
"4347","QLD",1187
"4350","QLD",106746
"4352","QLD",28459
"4353","QLD",293
"4354","QLD",1196
"4355","QLD",2681
"4356","QLD",5184
"4357","QLD",2585
"4358","QLD",2264
"4359","QLD",1240
"4360","QLD",590
"4361","QLD",2660
"4362","QLD",2464
"4363","QLD",600
"4364","QLD",218
"4365","QLD",507
"4370","QLD",18526
"4371","QLD",710
"4372","QLD",163
"4373","QLD",1033
"4374","QLD",358
"4376","QLD",319
"4378","QLD",510
"4381","QLD",598
"4382","QLD",518
"4384","QLD",62
"4387","QLD",1287
"4388","QLD",418
"4390","QLD",6877
"4400","QLD",1889
"4401","QLD",5720
"4402","QLD",291
"4403","QLD",810
"4404","QLD",539
"4405","QLD",14486
"4406","QLD",1466
"4407","QLD",529
"4408","QLD",630
"4410","QLD",1124
"4411","QLD",291
"4412","QLD",191
"4413","QLD",8025
"4415","QLD",1987
"4416","QLD",502
"4417","QLD",666
"4418","QLD",109
"4419","QLD",946
"4420","QLD",1174
"4421","QLD",2480
"4422","QLD",485
"4423","QLD",198
"4424","QLD",236
"4425","QLD",220
"4426","QLD",126
"4427","QLD",352
"4428","QLD",664
"4454","QLD",703
"4455","QLD",8488
"4461","QLD",52
"4462","QLD",108
"4465","QLD",1235
"4467","QLD",198
"4468","QLD",253
"4470","QLD",3574
"4472","QLD",1429
"4474","QLD",89
"4475","QLD",0
"4477","QLD",471
"4478","QLD",472
"4479","QLD",15
"4480","QLD",755
"4481","QLD",124
"4482","QLD",141
"4486","QLD",709
"4487","QLD",3098
"4488","QLD",254
"4489","QLD",94
"4490","QLD",1425
"4491","QLD",90
"4492","QLD",302
"4493","QLD",21
"4494","QLD",151
"4496","QLD",264
"4497","QLD",329
"4498","QLD",219
"4500","QLD",42403
"4501","QLD",5660
"4502","QLD",8676
"4503","QLD",43648
"4504","QLD",18575
"4505","QLD",20450
"4506","QLD",21807
"4507","QLD",18145
"4508","QLD",19850
"4509","QLD",30104
"4510","QLD",48305
"4511","QLD",9094
"4512","QLD",3438
"4514","QLD",7406
"4515","QLD",4063
"4516","QLD",3962
"4517","QLD",763
"4518","QLD",5061
"4519","QLD",8422
"4520","QLD",13201
"4521","QLD",4731
"4550","QLD",4255
"4551","QLD",56733
"4552","QLD",8431
"4553","QLD",5887
"4554","QLD",1944
"4555","QLD",6926
"4556","QLD",43334
"4557","QLD",18990
"4558","QLD",19163
"4559","QLD",6322
"4560","QLD",31712
"4561","QLD",7212
"4562","QLD",8035
"4563","QLD",8476
"4564","QLD",10592
"4565","QLD",14502
"4566","QLD",8126
"4567","QLD",11016
"4568","QLD",3558
"4569","QLD",1625
"4570","QLD",42426
"4571","QLD",811
"4572","QLD",3957
"4573","QLD",26276
"4574","QLD",1300
"4575","QLD",23777
"4580","QLD",4881
"4581","QLD",1525
"4600","QLD",895
"4601","QLD",1169
"4605","QLD",4839
"4606","QLD",2448
"4608","QLD",909
"4610","QLD",14840
"4611","QLD",115
"4612","QLD",257
"4613","QLD",865
"4614","QLD",1178
"4615","QLD",7053
"4620","QLD",398
"4621","QLD",1788
"4625","QLD",2756
"4626","QLD",2209
"4627","QLD",875
"4630","QLD",2406
"4650","QLD",33889
"4655","QLD",59546
"4659","QLD",4793
"4660","QLD",7145
"4662","QLD",793
"4670","QLD",79606
"4671","QLD",6059
"4673","QLD",649
"4674","QLD",1456
"4676","QLD",159
"4677","QLD",3552
"4678","QLD",852
"4680","QLD",54167
"4694","QLD",189
"4695","QLD",1119
"4697","QLD",144
"4699","QLD",457
"4700","QLD",17435
"4701","QLD",42761
"4702","QLD",28611
"4703","QLD",22533
"4704","QLD",138
"4705","QLD",352
"4706","QLD",101
"4707","QLD",251
"4709","QLD",1129
"4710","QLD",4845
"4711","QLD",1852
"4712","QLD",277
"4713","QLD",960
"4714","QLD",2941
"4715","QLD",7123
"4716","QLD",881
"4717","QLD",4751
"4718","QLD",2379
"4719","QLD",1004
"4720","QLD",14396
"4721","QLD",3719
"4722","QLD",1816
"4723","QLD",1419
"4724","QLD",578
"4725","QLD",1534
"4726","QLD",406
"4727","QLD",265
"4728","QLD",204
"4730","QLD",3233
"4731","QLD",220
"4732","QLD",132
"4733","QLD",187
"4735","QLD",966
"4736","QLD",100
"4737","QLD",8139
"4738","QLD",1180
"4739","QLD",333
"4740","QLD",80092
"4741","QLD",7074
"4742","QLD",1138
"4743","QLD",621
"4744","QLD",8735
"4745","QLD",2989
"4746","QLD",1934
"4750","QLD",5749
"4751","QLD",4502
"4753","QLD",4285
"4754","QLD",2251
"4756","QLD",607
"4757","QLD",351
"4798","QLD",687
"4799","QLD",1062
"4800","QLD",9323
"4801","QLD",264
"4802","QLD",9832
"4803","QLD",1866
"4804","QLD",1726
"4805","QLD",10827
"4806","QLD",3872
"4807","QLD",11034
"4808","QLD",1115
"4809","QLD",1005
"4810","QLD",21840
"4811","QLD",13145
"4812","QLD",18803
"4814","QLD",46124
"4815","QLD",21035
"4816","QLD",9270
"4817","QLD",30409
"4818","QLD",28222
"4819","QLD",2342
"4820","QLD",10842
"4821","QLD",1324
"4822","QLD",787
"4823","QLD",922
"4824","QLD",2764
"4828","QLD",211
"4829","QLD",467
"4830","QLD",1713
"4849","QLD",1368
"4850","QLD",10920
"4852","QLD",3692
"4854","QLD",5481
"4855","QLD",769
"4856","QLD",711
"4858","QLD",1486
"4859","QLD",466
"4860","QLD",11293
"4861","QLD",1454
"4865","QLD",8114
"4868","QLD",22063
"4869","QLD",19016
"4870","QLD",71005
"4871","QLD",10977
"4872","QLD",3898
"4873","QLD",6456
"4874","QLD",5241
"4875","QLD",8099
"4876","QLD",2829
"4877","QLD",5140
"4878","QLD",13483
"4879","QLD",19448
"4880","QLD",13294
"4881","QLD",4495
"4882","QLD",2716
"4883","QLD",8428
"4884","QLD",1867
"4885","QLD",3806
"4886","QLD",844
"4887","QLD",2037
"4888","QLD",3097
"4890","QLD",1279
"4891","QLD",531
"4892","QLD",5616
"4895","QLD",4446
"5000","SA",15113
"5005","SA",0
"5006","SA",6953
"5007","SA",7082
"5008","SA",13680
"5009","SA",5025
"5010","SA",5848
"5011","SA",11715
"5012","SA",11167
"5013","SA",9980
"5014","SA",11765
"5015","SA",5694
"5016","SA",8847
"5017","SA",5024
"5018","SA",5571
"5019","SA",9117
"5020","SA",3111
"5021","SA",5791
"5022","SA",15741
"5023","SA",16571
"5024","SA",13847
"5025","SA",8254
"5031","SA",9929
"5032","SA",12711
"5033","SA",8373
"5034","SA",10047
"5035","SA",6102
"5037","SA",10791
"5038","SA",15263
"5039","SA",8852
"5040","SA",2505
"5041","SA",13393
"5042","SA",10836
"5043","SA",18783
"5044","SA",10878
"5045","SA",15591
"5046","SA",9087
"5047","SA",8262
"5048","SA",14224
"5049","SA",9763
"5050","SA",5602
"5051","SA",14074
"5052","SA",6370
"5061","SA",9691
"5062","SA",14917
"5063","SA",12306
"5064","SA",9854
"5065","SA",10200
"5066","SA",11720
"5067","SA",10142
"5068","SA",12187
"5069","SA",8293
"5070","SA",14272
"5072","SA",12662
"5073","SA",15237
"5074","SA",12940
"5075","SA",10630
"5076","SA",9176
"5081","SA",9274
"5082","SA",14930
"5083","SA",7491
"5084","SA",10058
"5085","SA",19972
"5086","SA",16146
"5087","SA",11377
"5088","SA",3294
"5089","SA",6584
"5090","SA",7887
"5091","SA",7506
"5092","SA",17569
"5093","SA",9010
"5094","SA",899
"5095","SA",20524
"5096","SA",13387
"5097","SA",13561
"5098","SA",12318
"5106","SA",199
"5107","SA",17095
"5108","SA",40610
"5109","SA",20856
"5110","SA",8958
"5111","SA",276
"5112","SA",19422
"5113","SA",18888
"5114","SA",33958
"5115","SA",10392
"5116","SA",9454
"5117","SA",2924
"5118","SA",18411
"5120","SA",1978
"5121","SA",1674
"5125","SA",19222
"5126","SA",7179
"5127","SA",7759
"5131","SA",984
"5132","SA",428
"5133","SA",389
"5134","SA",432
"5136","SA",532
"5137","SA",576
"5138","SA",289
"5139","SA",232
"5140","SA",419
"5141","SA",680
"5142","SA",573
"5144","SA",417
"5150","SA",56
"5151","SA",364
"5152","SA",6132
"5153","SA",6424
"5154","SA",3355
"5155","SA",3824
"5156","SA",952
"5157","SA",2913
"5158","SA",24738
"5159","SA",32934
"5160","SA",24
"5161","SA",10152
"5162","SA",34292
"5163","SA",14120
"5164","SA",5288
"5165","SA",5383
"5166","SA",1879
"5167","SA",5705
"5168","SA",5499
"5169","SA",17086
"5170","SA",1151
"5171","SA",5919
"5172","SA",3932
"5173","SA",12769
"5174","SA",2917
"5201","SA",1942
"5202","SA",873
"5203","SA",1273
"5204","SA",2826
"5210","SA",1718
"5211","SA",15275
"5212","SA",2100
"5213","SA",1157
"5214","SA",8393
"5220","SA",153
"5221","SA",285
"5222","SA",628
"5223","SA",3640
"5231","SA",1223
"5232","SA",424
"5233","SA",1474
"5234","SA",1301
"5235","SA",2478
"5236","SA",300
"5237","SA",363
"5238","SA",4087
"5240","SA",482
"5241","SA",2525
"5242","SA",1617
"5243","SA",831
"5244","SA",4264
"5245","SA",3083
"5250","SA",3520
"5251","SA",14625
"5252","SA",6512
"5253","SA",18490
"5254","SA",2387
"5255","SA",9247
"5256","SA",1357
"5259","SA",1110
"5260","SA",1758
"5261","SA",366
"5262","SA",411
"5263","SA",141
"5264","SA",1252
"5265","SA",434
"5266","SA",623
"5267","SA",1961
"5268","SA",3548
"5269","SA",259
"5270","SA",604
"5271","SA",7425
"5272","SA",795
"5273","SA",113
"5275","SA",2409
"5276","SA",1184
"5277","SA",2917
"5278","SA",517
"5279","SA",527
"5280","SA",7370
"5290","SA",25513
"5291","SA",9167
"5301","SA",572
"5302","SA",847
"5303","SA",209
"5304","SA",772
"5306","SA",77
"5307","SA",578
"5308","SA",141
"5309","SA",158
"5310","SA",63
"5311","SA",424
"5320","SA",651
"5321","SA",544
"5322","SA",996
"5330","SA",3372
"5331","SA",320
"5332","SA",404
"5333","SA",5809
"5340","SA",1431
"5341","SA",7663
"5342","SA",1125
"5343","SA",4846
"5344","SA",984
"5345","SA",3585
"5346","SA",383
"5350","SA",474
"5351","SA",5861
"5352","SA",5216
"5353","SA",3770
"5354","SA",365
"5355","SA",7590
"5356","SA",810
"5357","SA",425
"5360","SA",1120
"5371","SA",1263
"5372","SA",2213
"5373","SA",3423
"5374","SA",1479
"5381","SA",385
"5400","SA",878
"5401","SA",848
"5410","SA",318
"5411","SA",326
"5412","SA",1208
"5413","SA",832
"5414","SA",151
"5415","SA",222
"5416","SA",245
"5417","SA",1483
"5418","SA",117
"5419","SA",224
"5420","SA",79
"5421","SA",139
"5422","SA",1685
"5431","SA",908
"5432","SA",139
"5433","SA",1262
"5434","SA",458
"5440","SA",259
"5451","SA",696
"5452","SA",444
"5453","SA",4935
"5454","SA",397
"5455","SA",57
"5460","SA",745
"5461","SA",2552
"5462","SA",517
"5464","SA",638
"5470","SA",140
"5471","SA",86
"5472","SA",163
"5473","SA",756
"5480","SA",774
"5481","SA",558
"5482","SA",521
"5483","SA",341
"5485","SA",586
"5490","SA",177
"5491","SA",1817
"5493","SA",89
"5495","SA",592
"5501","SA",7321
"5502","SA",1545
"5510","SA",111
"5520","SA",589
"5521","SA",147
"5522","SA",1426
"5523","SA",1935
"5540","SA",15347
"5550","SA",913
"5552","SA",387
"5554","SA",5234
"5555","SA",502
"5556","SA",4040
"5558","SA",4828
"5560","SA",469
"5570","SA",537
"5571","SA",1847
"5572","SA",147
"5573","SA",2043
"5575","SA",2334
"5576","SA",1076
"5577","SA",528
"5580","SA",348
"5581","SA",541
"5582","SA",647
"5583","SA",787
"5600","SA",6207
"5601","SA",468
"5602","SA",1346
"5603","SA",444
"5604","SA",197
"5605","SA",1688
"5606","SA",14129
"5607","SA",4918
"5608","SA",13353
"5609","SA",1949
"5630","SA",136
"5631","SA",1045
"5632","SA",253
"5633","SA",320
"5640","SA",1015
"5641","SA",1021
"5642","SA",252
"5650","SA",175
"5651","SA",76
"5652","SA",727
"5653","SA",79
"5654","SA",241
"5655","SA",102
"5660","SA",50
"5661","SA",151
"5670","SA",484
"5671","SA",165
"5680","SA",2117
"5690","SA",3657
"5700","SA",11132
"5701","SA",10
"5710","SA",2673
"5713","SA",17
"5715","SA",40
"5717","SA",16
"5719","SA",44
"5720","SA",194
"5722","SA",311
"5723","SA",2062
"5724","SA",436
"5725","SA",3891
"5730","SA",100
"5731","SA",499
"5732","SA",210
"5733","SA",233
"5734","SA",169
"5950","SA",0
"5960","SA",5
"6000","WA",11421
"6003","WA",3511
"6004","WA",10600
"6005","WA",5627
"6006","WA",8745
"6007","WA",7132
"6008","WA",15144
"6009","WA",18531
"6010","WA",16824
"6011","WA",9009
"6012","WA",8755
"6014","WA",20601
"6015","WA",6611
"6016","WA",10034
"6017","WA",4121
"6018","WA",38007
"6019","WA",21784
"6020","WA",20789
"6021","WA",20059
"6022","WA",4978
"6023","WA",15272
"6024","WA",13348
"6025","WA",30026
"6026","WA",22340
"6027","WA",41675
"6028","WA",22442
"6029","WA",2789
"6030","WA",39384
"6031","WA",16623
"6032","WA",191
"6033","WA",441
"6034","WA",1678
"6035","WA",8868
"6036","WA",15796
"6037","WA",2993
"6038","WA",6271
"6041","WA",1516
"6042","WA",79
"6043","WA",243
"6044","WA",1230
"6050","WA",15381
"6051","WA",12581
"6052","WA",11114
"6053","WA",14435
"6054","WA",20378
"6055","WA",21031
"6056","WA",39167
"6057","WA",16805
"6058","WA",12697
"6059","WA",23489
"6060","WA",23398
"6061","WA",38566
"6062","WA",32670
"6063","WA",14364
"6064","WA",31324
"6065","WA",61999
"6066","WA",18705
"6067","WA",42
"6068","WA",7
"6069","WA",39393
"6070","WA",3654
"6071","WA",3400
"6072","WA",898
"6073","WA",3043
"6074","WA",993
"6076","WA",21951
"6077","WA",1425
"6078","WA",933
"6079","WA",28
"6081","WA",4756
"6082","WA",3225
"6083","WA",3516
"6084","WA",8240
"6090","WA",8
"6100","WA",14481
"6101","WA",16550
"6102","WA",13685
"6103","WA",10366
"6104","WA",14324
"6105","WA",14996
"6106","WA",25
"6107","WA",43603
"6108","WA",23152
"6109","WA",12120
"6110","WA",40856
"6111","WA",23064
"6112","WA",56557
"6121","WA",2965
"6122","WA",17411
"6123","WA",1554
"6124","WA",1193
"6125","WA",3134
"6126","WA",622
"6147","WA",15141
"6148","WA",17817
"6149","WA",18473
"6150","WA",13147
"6151","WA",16576
"6152","WA",25463
"6153","WA",19865
"6154","WA",10032
"6155","WA",51249
"6156","WA",16901
"6157","WA",13526
"6158","WA",7375
"6159","WA",3337
"6160","WA",8209
"6161","WA",338
"6162","WA",11025
"6163","WA",50360
"6164","WA",57214
"6165","WA",77
"6166","WA",9503
"6167","WA",26448
"6168","WA",24025
"6169","WA",34670
"6170","WA",12394
"6171","WA",31651
"6172","WA",13779
"6173","WA",12076
"6174","WA",3788
"6175","WA",3747
"6176","WA",1372
"6180","WA",5406
"6181","WA",485
"6182","WA",3
"6207","WA",1047
"6208","WA",11843
"6209","WA",1955
"6210","WA",68312
"6211","WA",7087
"6213","WA",717
"6214","WA",614
"6215","WA",4150
"6218","WA",398
"6220","WA",4670
"6221","WA",421
"6223","WA",215
"6224","WA",1153
"6225","WA",9108
"6226","WA",839
"6227","WA",800
"6228","WA",174
"6229","WA",192
"6230","WA",43134
"6232","WA",10886
"6233","WA",18843
"6236","WA",2056
"6237","WA",2477
"6239","WA",4407
"6240","WA",123
"6243","WA",62
"6244","WA",1454
"6251","WA",388
"6252","WA",151
"6253","WA",613
"6254","WA",501
"6255","WA",3915
"6256","WA",381
"6258","WA",6567
"6260","WA",1431
"6262","WA",740
"6271","WA",3313
"6275","WA",1341
"6280","WA",28160
"6281","WA",7204
"6282","WA",1330
"6284","WA",2245
"6285","WA",9176
"6286","WA",601
"6288","WA",556
"6290","WA",1675
"6302","WA",3622
"6304","WA",1725
"6306","WA",1022
"6308","WA",1593
"6309","WA",273
"6311","WA",596
"6312","WA",4882
"6313","WA",291
"6315","WA",1987
"6316","WA",347
"6317","WA",4180
"6318","WA",525
"6320","WA",620
"6321","WA",499
"6322","WA",227
"6323","WA",992
"6324","WA",3513
"6326","WA",490
"6327","WA",273
"6328","WA",426
"6330","WA",35868
"6333","WA",5850
"6335","WA",774
"6336","WA",327
"6337","WA",549
"6338","WA",677
"6341","WA",298
"6343","WA",265
"6346","WA",737
"6348","WA",867
"6350","WA",302
"6351","WA",85
"6352","WA",194
"6353","WA",782
"6355","WA",436
"6356","WA",125
"6357","WA",76
"6358","WA",92
"6359","WA",440
"6361","WA",114
"6363","WA",104
"6365","WA",527
"6367","WA",354
"6368","WA",80
"6369","WA",667
"6370","WA",459
"6372","WA",116
"6373","WA",96
"6375","WA",1002
"6383","WA",984
"6384","WA",38
"6385","WA",22
"6386","WA",90
"6390","WA",1810
"6391","WA",1002
"6392","WA",464
"6393","WA",114
"6394","WA",449
"6395","WA",1655
"6396","WA",364
"6397","WA",95
"6398","WA",546
"6401","WA",8178
"6403","WA",174
"6405","WA",319
"6407","WA",1142
"6409","WA",401
"6410","WA",1050
"6411","WA",124
"6412","WA",54
"6413","WA",49
"6414","WA",66
"6415","WA",3008
"6418","WA",705
"6419","WA",55
"6420","WA",108
"6421","WA",156
"6422","WA",54
"6423","WA",212
"6424","WA",80
"6425","WA",88
"6426","WA",849
"6427","WA",92
"6428","WA",57
"6429","WA",988
"6430","WA",22749
"6431","WA",1008
"6432","WA",7089
"6434","WA",173
"6436","WA",109
"6437","WA",581
"6438","WA",825
"6440","WA",1156
"6442","WA",2540
"6443","WA",852
"6445","WA",198
"6446","WA",131
"6447","WA",183
"6448","WA",452
"6450","WA",13393
"6452","WA",3
"6460","WA",753
"6461","WA",532
"6462","WA",130
"6463","WA",16
"6465","WA",27
"6466","WA",68
"6467","WA",26
"6468","WA",247
"6470","WA",15
"6472","WA",177
"6473","WA",43
"6475","WA",401
"6476","WA",51
"6477","WA",275
"6479","WA",549
"6480","WA",48
"6484","WA",95
"6485","WA",496
"6487","WA",52
"6488","WA",193
"6489","WA",100
"6490","WA",251
"6501","WA",967
"6502","WA",1182
"6503","WA",2181
"6504","WA",158
"6505","WA",111
"6506","WA",59
"6507","WA",539
"6509","WA",211
"6510","WA",1973
"6511","WA",528
"6512","WA",97
"6513","WA",223
"6514","WA",648
"6515","WA",286
"6516","WA",1762
"6517","WA",403
"6518","WA",212
"6519","WA",592
"6521","WA",352
"6522","WA",459
"6525","WA",3569
"6528","WA",409
"6530","WA",32450
"6532","WA",6724
"6535","WA",1600
"6536","WA",1560
"6537","WA",909
"6556","WA",2035
"6558","WA",2646
"6560","WA",1349
"6562","WA",1255
"6564","WA",317
"6566","WA",3273
"6567","WA",418
"6568","WA",221
"6569","WA",270
"6571","WA",76
"6572","WA",59
"6574","WA",86
"6575","WA",138
"6603","WA",1110
"6605","WA",42
"6606","WA",164
"6608","WA",134
"6609","WA",823
"6612","WA",221
"6613","WA",64
"6614","WA",20
"6616","WA",57
"6620","WA",499
"6623","WA",673
"6625","WA",50
"6627","WA",64
"6628","WA",37
"6630","WA",619
"6631","WA",28
"6632","WA",69
"6635","WA",345
"6638","WA",482
"6639","WA",89
"6640","WA",202
"6642","WA",1066
"6646","WA",745
"6701","WA",5547
"6705","WA",280
"6707","WA",2710
"6710","WA",4000
"6711","WA",0
"6712","WA",1966
"6713","WA",1106
"6714","WA",16826
"6716","WA",756
"6718","WA",1010
"6720","WA",2529
"6721","WA",4517
"6722","WA",9851
"6725","WA",10800
"6726","WA",5438
"6728","WA",5951
"6731","WA",3
"6733","WA",0
"6740","WA",1282
"6743","WA",6233
"6751","WA",4924
"6753","WA",7241
"6754","WA",1383
"6758","WA",1704
"6760","WA",631
"6762","WA",872
"6765","WA",1754
"6770","WA",2906
"7000","TAS",13835
"7001","TAS",0
"7004","TAS",7477
"7005","TAS",13308
"7007","TAS",3065
"7008","TAS",11977
"7009","TAS",12454
"7010","TAS",16845
"7011","TAS",14696
"7012","TAS",835
"7015","TAS",10331
"7016","TAS",2873
"7017","TAS",5616
"7018","TAS",21027
"7019","TAS",6109
"7020","TAS",2471
"7021","TAS",2408
"7022","TAS",885
"7023","TAS",332
"7024","TAS",524
"7025","TAS",1700
"7026","TAS",933
"7027","TAS",296
"7030","TAS",17402
"7050","TAS",12404
"7052","TAS",7140
"7053","TAS",3574
"7054","TAS",8740
"7055","TAS",433
"7109","TAS",8813
"7112","TAS",3062
"7113","TAS",1097
"7116","TAS",2254
"7117","TAS",857
"7119","TAS",40
"7120","TAS",1828
"7139","TAS",0
"7140","TAS",10975
"7150","TAS",2837
"7155","TAS",798
"7162","TAS",588
"7163","TAS",325
"7170","TAS",5008
"7171","TAS",3282
"7172","TAS",3653
"7173","TAS",6598
"7174","TAS",181
"7175","TAS",196
"7176","TAS",164
"7177","TAS",406
"7178","TAS",310
"7179","TAS",380
"7180","TAS",152
"7182","TAS",263
"7183","TAS",51
"7184","TAS",799
"7185","TAS",97
"7186","TAS",168
"7187","TAS",136
"7190","TAS",3111
"7209","TAS",405
"7210","TAS",1037
"7211","TAS",241
"7212","TAS",1931
"7213","TAS",300
"7214","TAS",611
"7215","TAS",3383
"7216","TAS",3354
"7248","TAS",15777
"7249","TAS",12774
"7250","TAS",48052
"7252","TAS",2785
"7253","TAS",4925
"7254","TAS",488
"7255","TAS",836
"7256","TAS",1583
"7257","TAS",70
"7258","TAS",963
"7259","TAS",462
"7260","TAS",3219
"7261","TAS",270
"7262","TAS",1710
"7263","TAS",594
"7264","TAS",641
"7265","TAS",233
"7267","TAS",768
"7268","TAS",1035
"7270","TAS",4088
"7275","TAS",3137
"7276","TAS",568
"7277","TAS",5707
"7290","TAS",2276
"7291","TAS",560
"7292","TAS",608
"7300","TAS",3422
"7301","TAS",4305
"7302","TAS",1671
"7303","TAS",2717
"7304","TAS",5936
"7305","TAS",1169
"7306","TAS",3953
"7307","TAS",10124
"7310","TAS",27100
"7315","TAS",14659
"7316","TAS",5887
"7320","TAS",16242
"7321","TAS",4666
"7322","TAS",3903
"7325","TAS",8592
"7330","TAS",6592
"7331","TAS",551
"7466","TAS",13
"7467","TAS",1791
"7468","TAS",708
"7469","TAS",765
"7470","TAS",707
"0800","NT",6467
"0810","NT",33302
"0812","NT",18875
"0815","NT",286
"0820","NT",19449
"0822","NT",25558
"0828","NT",1203
"0829","NT",1835
"0830","NT",18209
"0832","NT",15571
"0834","NT",1834
"0835","NT",5131
"0836","NT",7752
"0837","NT",412
"0838","NT",816
"0839","NT",551
"0840","NT",365
"0841","NT",702
"0845","NT",509
"0846","NT",357
"0847","NT",329
"0850","NT",8137
"0852","NT",8300
"0853","NT",856
"0854","NT",875
"0860","NT",2997
"0862","NT",762
"0870","NT",19631
"0873","NT",2434
"0874","NT",547
"0875","NT",2373
"0880","NT",5212
"0885","NT",875
"0886","NT",1077
"2600","ACT",7247
"2601","ACT",6365
"2602","ACT",30448
"2603","ACT",9357
"2604","ACT",10382
"2605","ACT",11726
"2606","ACT",9420
"2607","ACT",13613
"2609","ACT",885
"2612","ACT",16185
"2614","ACT",19388
"2615","ACT",44173
"2617","ACT",32499
"2900","ACT",1924
"2902","ACT",14900
"2903","ACT",9207
"2904","ACT",12864
"2905","ACT",28621
"2906","ACT",17636
"2911","ACT",4462
"2912","ACT",6140
"2913","ACT",35058
"2914","ACT",25202
"2899","OT",1748
"6798","OT",1842
"6799","OT",541
